,
La peor decisión es la indecisión Benjamin Franklin,pos
Hazle un bien al pais y tuviste 10 AÑOS Para gobernar y ya vemos lo que hiciste Ahora Viv,pos
Si ni siquiera le importas que pendeja eres Ana,neg
Esta basura sera que se la esta donando a un gringuito apoyar a los EEUU eres una desvergonzada arrastrada,neg
FútbolEC Desde este jueves ya está en cartelera ElContragolpe histórico de EC,pos
Se que no soy la única que jamas podrá superar esta coreografía que 1d junto a James hicieron épico momento,pos
MERCOSUR TAMBIEN CRITICA A DONALD Mercosur criticó a Donald Trump por opción militar frente a crisis en Venezuela,pos
Store Siempre visto a la moda con Store QueremosCelebrarContigo,pos
Alguien tiene un código de Uber que pueda usar Les regalo el mío para sus viajes gratis 79rby2,pos
InfoEmbajadores recibió cordial bienvenida formal en la Lazio,pos
Mmmmmmm esta jodido el vergante este,neg
Comienza la segunda parte en el Chucho Benítez ya juegan y FutbolxClaroSports,pos
Chupacabras de la Bahia dice jajajajajajajajajaja,pos
Comienza el segundo timpo Guayaquil City 1 0 ElNacional ElNacional53años xunfutbolsinviolencia VamosBitri,pos
SerieA inicio el st GuayaquilCity 1 ElNacional 0,pos
Shastaaaaa sábado de play,pos
FútbolEC VIVO Comienza SEGUNDO TIEMPO en Cristian Benítez gt 1 0,pos
Los opositores lo extrañan no tienen identidad política Ahora los adoptó el y da risa como lo defienden bravo burritosferiadoban,neg
Nada no te vayas a caeeeeerrr,pos
paredes,pos
Por sueño de Castristas Chavista utilizando gente más vulnerable el país esta lleno de corrupción,pos
Qué Abdalá también hizo enlace,pos
ahora si a verificar Mi K nos vemos xd,pos
no tonto xD los banearon a los que dije,pos
El mes SEPTIEMBRE de está complicado seguramente va a diferir 2 partidos,pos
Que bien,pos
La estupidez e ignorancia es hereditaria clarito esta,neg
Baby tu me tienes loco loco CNCO,pos
Vamos vamos Criollos que esta tarde tenemos que ganar ElNacional53años xunfutbolsinviolencia VamosBitri,pos
hermoso mensaje,pos
Parece el día de los inocentes esto es una broma,pos
No es pagar 2 10 la hora Se trata de que haya una recuperación económica y sólo el trabajo lo hace,pos
Suplentes de ElNacional Cárdenas Segovia Montaño Ordóñez Noboa Quintero Parrales ElNacional53años xunfutbolsinviolencia VamosBitri,pos
Ahora soy lanpieza de tu rompe cabeza que nunca hizo falta que no encajara,pos
La verdad y sólo la verdad,pos
Ahora la pieza en tu rompe cabeza que nunca hizo falta que no encajara,pos
FútbolEC GOOOLLL de Dorregaray se adelanta a salida de Padilla para marcar By,pos
SerieA gol local GuayaquilCity ElNacional 0 Autor Diego Dorregaray,pos
55 GOOOOOOOOOOL de GCFC Dorregaray aprovecha centro de Ayoví y anota la segunda 2 0,pos
Falla de Padilla en la salida que vaina,pos
Clarito dicen el que no hace los goles los ve hacer,pos
VíasECU911 A través de VideovigilanciaECU911 se visualiza las vías de ingreso y salida de Quito sin novedad C,pos
56 Cambio criollo entra Parrales por De Jesús 2 0 FutbolxClaroSports,pos
Ese Dorregaray juega bien,pos
Hay que dar la batalla en cualquier frente Contra la dictadura donde quiera que esté Obligación moral x la libertad de conciencia VEN,pos
En el Top 10 de los mejores animés que he visto SevenDeadlySins anime manga knight Guilthunder characterdesign,pos
GUAY 2 0 NACI 56 Diego Dorregaray de cabeza tras centro de Walter Ayoví 2 goles de argentino con tras 5 partidos,pos
Tengo una obsesión muy hermosa por este vídeo la música y Louis son la combinación tan perfecta para darse cuenta,pos
Suplentes de ElNacional Cárdenas Segovia Montaño Ordóñez Noboa Quintero ElNacional53años xunfutbolsinviolencia VamosBitri,pos
Gol chucha ya era hora,pos
FútbolEC GOOOLLL de Guerra con cabezazo poco ortodoxo descuenta By,pos
Juega bien este Dorregaray Es buena contratación la que hizo,pos
SerieA gol de la visita GuayaquilCity 2 ElNacional 1 Autor Franklín Guerra,pos
MTOPInforma colocación por rodamiento de las vigas 4 y 5 en el puente sobre el río Jama Manabí,pos
NOSOTROS NUNCA LO ELEGIMOS A UD PORQUE UD NUNCA PRESENTO UN PLAN DE GOBIERNO SUYO gt Q QUEDE CLARO,pos
GUAY 2 1 NACI 62 sumado al ataque Franklin Guerra acerca a 2 goles este año 3 en Serie A tras 211 partidos,pos
FútbolEC GOOOLLL de Guerra con remate poco ortodoxo descuenta By,pos
Seguramente Maduro debe estar muy orgulloso SU HIJO LO HA SUPERADO,pos
Gracias Ecuador GRACIAS a mi equipo mi banda y mis bailarinas por ser increíbles y compartir su maravilloso tale,pos
62 GOOOOOOOL de Guerra descuentan los criollos 2 1 FutbolxClaroSports,pos
Quisiera poder hablarte decirte cuanto te amo y abrazarte,pos
ESE ES EL VERDADERO PROCESO QUE APOYAMOS EN LAS ELECCIONES CON NUESTRO VOTO NUNCA HEMOS APOYADO,pos
Cuida cada lugar que visites Nuestras maravillas son únicas EcuadorDestinoSeguro,pos
65 Cambio local sale Ayoví ingresa De la Torre 2 1 FutbolxClaroSports,pos
Goooooooooooooooool del rojo Goooooooooooooooool de,pos
Saludos Stefano Muchas gracias,pos
PARECE QUE AHORA SI SERA REALIDAD EL DRAGADO,pos
Diseños que encantan solo en MueblesVeraVazquez D,pos
Chévere Cumple cinco que por los beneficios de nuestra Justicia pasan a ser dos y luego a disfruta,pos
Gourmet Te imaginas jaaja,pos
revisar a cooperativa General PINTAG unidad 007 Deja a todos los pasajeros en sector colibrí y no continúa con ruta,pos
A veces en la vida necesitas detenerte ver dónde te encuentras mirar dónde quieres ir caminar,pos
Me dieron ganas de volver a salir a caminar,pos
Reino Unido cuánto pagan las marcas a un influencer por un post patrocinado,pos
Un GPS pone rumbo a tus vacaciones en lo nuevo de Guía Repsol,pos
Dunkin Coffeee lanza un videojuego inspirado en las máquinas arcade,pos
74 Cambio rojo entra Quintero por Villalva 2 1 FutbolxClaroSports,pos
ve Malditos locos de la mierda,neg
El ingenio y la sátira de la política en Ecuador a flor de piel TecnoPolítica ContenidosLíquidos,pos
Suplentes de ElNacional Cárdenas Segovia Montaño Ordóñez Noboa ElNacional53años xunfutbolsinviolencia VamosBitri,pos
Mañana toca ir al Barcehualpa a dejar la vida,pos
74 TA para Frascarelli GCFC 2 1 FutbolxClaroSports,pos
Mala tarde de Javier Quiñónez ElNacional53años xunfutbolsinviolencia VamosBitri,pos
Nos a dejado perplejos el cinismo Sigo pensando nos CREEN COJUDOS,neg
Sabias palabras de mi eterno Presidente como amo a su pueblo y como se logro ganar el de un pueblo agradecido qu,pos
Goooooool jajajajajajajajajaja,pos
FútbolEC GOOLLAAZZOO de Balda con zurdazo de fuera del área iguala la cuenta By,pos
Goooooooooool de rojo goooooooool de Balda ElNacional53años xunfutbolsinviolencia VamosBitri,pos
SerieA gol de la visita GuayaquilCity 2 ElNacional 2 Autor Manuel Balda,pos
Padilla Gran Arquero tapó dos mano a mano resumen evitó dos goles GuayaquilCity 2 1 Nacional,pos
Y SIGUE SUBIENDO EL NÚMERO DE REPRODUCC,pos
Tomate tu tiempo para deliberar pero cuando llegue el momento de la,pos
Quito Ecuador y este feriado continúa travel trip Quito Ecuador,pos
Pobre hombre,neg
Jajajajajajajajajaja jajajajajajajajajaja jajajajajajajajajaja jajajajajajajajajaja jajajajajajajajajaja,pos
79 GOOOOOOOOOOL rojo Balda iguala condiciones en Guayaquil 2 2 FutbolxClaroSports,pos
puedes darme like pero no un dm me siento ofendida ahre no,pos
Excepto los racistas Que son imbéciles en todas las partes todaysvibes,neg
Jajajajajajajajajaja ahi esta a esa que le andaba pidiendo hijos al portero del Gye City mmvs jajajajajajajajajaja,pos
La gente te amará por lo que eres y otros te odiarán por la misma,pos
Yo cuando quiero producir dubstep,pos
